<?xml version="1.0" encoding="utf-8"?>
<openerp>
    <data>
        <record id="purchase_groups" model="ir.module.category">
            <field name="name">采购</field>
        </record>
        <record id="purchase_users" model="res.groups">
            <field name="name">采购-用户</field>
            <field name="category_id" ref="purchase_groups"/>
        </record>

        <record id="purchase_manager" model="res.groups">
            <field name="name">采购-经理</field>
            <field name="category_id" ref="purchase_groups"/>
            <field name="implied_ids" eval="[(4, ref('purchase_users'))]"/>
            <field name="users" eval="[(4, ref('base.user_root'))]"/>
        </record>

    </data>

    <data noupdate="1">
        <record id="users_purchase_rule" model="ir.rule">
            <field name="name">采购-用户-只能看自己的单据</field>
            <field name="model_id" ref="model_purchase_order"/>
            <field name="global" eval="True"/>
            <field name="perm_read" eval="True"/>
            <field name="perm_write" eval="True"/>
            <field name="perm_create" eval="True"/>
            <field name="domain_force">[('create_uid','=',user.id)]</field>
            <field name="groups" eval="[(4, ref('purchase_users'))]"/>
        </record>

         <record id="manager_purchase_rule" model="ir.rule">
            <field name="name">采购-经理-看全部单据</field>
            <field name="model_id" ref="model_purchase_order"/>
            <field name="global" eval="True"/>
            <field name="perm_read" eval="True"/>
            <field name="perm_write" eval="True"/>
            <field name="perm_create" eval="True"/>
            <field name="domain_force">[(1,'=',1)]</field>
            <field name="groups" eval="[(4, ref('purchase_manager'))]"/>
        </record>
    </data>

</openerp>
